game,point,server,winner,score_a,score_b,rally_length,third_ball_attack,serve_placement,serve_type,receive_type,point_phase,outcome
1,1,A,A,1,0,12,yes,long_fh,no_spin,flick,third_ball,winner
1,2,A,B,1,1,5,no,short_middle,sidespin,flick,serve,error
1,3,B,A,2,1,6,no,long_fh,sidespin,attack,receive,winner
1,4,B,A,3,1,11,no,short_bh,backspin,attack,serve,winner
1,5,A,B,3,2,1,yes,long_fh,backspin,flick,rally,error
1,6,A,B,3,3,2,yes,short_middle,no_spin,attack,third_ball,winner
1,7,B,B,3,4,12,no,short_middle,no_spin,push,third_ball,error
1,8,B,B,3,5,8,no,short_middle,sidespin,push,serve,winner
1,9,A,A,4,5,2,yes,short_bh,no_spin,flick,serve,winner
1,10,A,A,5,5,11,yes,short_middle,sidespin,flick,third_ball,error
1,11,B,A,6,5,7,yes,long_fh,sidespin,flick,receive,error
1,12,B,B,6,6,8,yes,short_middle,backspin,flick,third_ball,error
1,13,A,A,7,6,12,no,long_fh,backspin,flick,third_ball,error
1,14,A,A,8,6,5,yes,short_bh,no_spin,attack,rally,error
1,15,B,A,9,6,2,yes,short_bh,sidespin,push,serve,error
1,16,B,A,10,6,13,no,long_fh,backspin,push,receive,winner
1,17,A,A,11,6,5,no,short_bh,backspin,push,third_ball,error
2,1,B,B,0,1,6,yes,short_middle,no_spin,attack,receive,winner
2,2,B,A,1,1,7,yes,long_fh,no_spin,attack,third_ball,error
2,3,A,B,1,2,10,yes,short_bh,no_spin,flick,rally,error
2,4,A,A,2,2,13,yes,short_bh,backspin,push,receive,winner
2,5,B,A,3,2,8,yes,short_middle,sidespin,push,serve,error
2,6,B,B,3,3,9,no,long_fh,backspin,flick,receive,winner
2,7,A,A,4,3,12,yes,short_bh,backspin,attack,receive,error
2,8,A,B,4,4,10,yes,short_middle,sidespin,flick,third_ball,error
2,9,B,A,5,4,2,no,short_bh,no_spin,attack,serve,winner
2,10,B,A,6,4,2,yes,short_middle,backspin,push,serve,error
2,11,A,A,7,4,7,yes,short_bh,sidespin,flick,rally,winner
2,12,A,A,8,4,5,yes,long_fh,no_spin,attack,serve,winner
2,13,B,B,8,5,1,no,short_bh,backspin,flick,rally,error
2,14,B,A,9,5,12,no,short_bh,sidespin,push,third_ball,error
2,15,A,B,9,6,9,no,short_bh,no_spin,push,rally,error
2,16,A,B,9,7,13,no,long_fh,no_spin,flick,receive,winner
2,17,B,A,10,7,12,no,short_bh,sidespin,attack,serve,winner
2,18,B,B,10,8,4,no,short_bh,backspin,push,rally,winner
2,19,A,A,11,8,11,no,long_fh,sidespin,push,serve,winner
3,1,A,B,0,1,3,no,long_fh,no_spin,push,rally,winner
3,2,A,B,0,2,8,yes,short_middle,sidespin,flick,rally,error
3,3,B,A,1,2,10,no,short_bh,sidespin,flick,third_ball,winner
3,4,B,A,2,2,9,yes,short_middle,sidespin,flick,third_ball,error
3,5,A,A,3,2,12,yes,short_bh,backspin,push,serve,winner
3,6,A,B,3,3,4,no,long_fh,no_spin,flick,third_ball,winner
3,7,B,A,4,3,14,no,long_fh,no_spin,flick,serve,winner
3,8,B,A,5,3,14,no,short_bh,sidespin,push,receive,winner
3,9,A,A,6,3,12,yes,long_fh,sidespin,attack,rally,winner
3,10,A,A,7,3,2,no,short_middle,backspin,attack,receive,winner
3,11,B,B,7,4,4,no,short_bh,no_spin,push,receive,error
3,12,B,B,7,5,11,no,short_bh,backspin,attack,serve,winner
3,13,A,A,8,5,2,yes,long_fh,no_spin,flick,third_ball,error
3,14,A,A,9,5,11,no,short_bh,no_spin,flick,third_ball,winner
3,15,B,A,10,5,12,yes,short_middle,sidespin,push,rally,error
3,16,B,A,11,5,1,no,short_bh,backspin,attack,serve,error
